Is MD?,Is DDD?,BP Explored,Run-Time,Add Run-Time,SP Run-Time,#Arcs in Soln,#Subpaths in Soln,Iterations,Opt Obj
1,1,36,6,0,0,6,1,45,5.04128
1,0,1133,109,0,0,6,1,0,5.04128
0,1,266,389,8,256,6,3,8,4.94074
0,0,1133,328,0,0,6,3,0,4.94074
Is MD?,Is DDD?,BP Explored,Run-Time,Add Run-Time,SP Run-Time,#Arcs in Soln,#Subpaths in Soln,Iterations,Opt Obj
1,1,38,6,0,0,6,1,47,2.54885
1,0,553,57,0,0,6,1,0,2.54885
0,1,157,168,1,116,6,3,8,2.48758
0,0,553,147,0,0,6,3,0,2.48758
1,1,31,7,0,0,5,1,37,2.36118
1,0,553,66,0,0,5,1,0,2.36118
0,1,147,134,2,80,5,5,7,2.31193
0,0,553,127,0,0,5,5,0,2.31193
1,1,33,5,0,0,4,1,40,1.8413
1,0,553,56,0,0,4,1,0,1.8413
0,1,132,71,1,31,4,3,6,1.80899
0,0,553,91,0,0,4,3,0,1.80899
1,1,35,7,0,0,5,1,40,2.24894
1,0,553,66,0,0,5,1,0,2.24894
0,1,186,227,3,155,5,4,10,2.21313
0,0,553,132,0,0,5,4,0,2.21313
1,1,25,4,0,0,6,1,32,2.55988
1,0,553,58,0,0,6,1,0,2.55988
0,1,159,155,1,101,6,5,8,2.53945
0,0,553,127,0,0,6,5,0,2.53945
1,1,33,5,0,0,5,1,38,2.30737
1,0,553,58,0,0,5,1,0,2.30737
0,1,144,125,1,77,5,4,7,2.20669
0,0,553,116,0,0,5,4,0,2.20669
1,1,49,9,0,0,4,1,62,2.09539
1,0,553,61,0,0,4,1,0,2.09539
0,1,132,86,1,40,4,3,6,2.04491
0,0,553,110,0,0,4,3,0,2.04491
1,1,23,5,0,0,5,1,27,2.36355
1,0,553,67,0,0,5,1,0,2.36355
0,1,147,137,3,86,5,3,7,2.33786
0,0,553,130,0,0,5,3,0,2.33786
1,1,19,3,0,0,6,1,25,2.43536
1,0,553,61,0,0,6,1,0,2.43536
0,1,161,173,2,114,6,4,8,2.42104
0,0,553,131,0,0,6,4,0,2.42104
1,1,40,6,0,0,5,1,50,2.40756
1,0,553,56,0,0,5,1,0,2.40756
0,1,145,142,5,88,5,4,7,2.33111
0,0,553,161,0,0,5,4,0,2.33111
Is MD?,Is DDD?,BP Explored,Run-Time,Add Run-Time,SP Run-Time,#Arcs in Soln,#Subpaths in Soln,Iterations,Opt Obj
1,1,34,6,0,0,6,1,39,2.73826
1,0,553,72,0,0,6,1,0,2.73826
0,1,164,211,2,148,6,4,7,2.59423
0,0,553,217,0,0,6,4,0,2.59423
1,1,47,8,0,0,5,1,59,2.50765
1,0,553,60,0,0,5,1,0,2.50765
0,1,151,148,5,91,5,5,6,2.36263
0,0,553,137,0,0,5,5,0,2.36263
1,1,25,4,0,0,4,1,33,2.01263
1,0,553,62,0,0,4,1,0,2.01263
0,1,139,72,0,31,4,4,5,1.8608
0,0,553,93,0,0,4,4,0,1.8608
1,1,22,5,0,0,5,1,28,2.42415
1,0,553,70,0,0,5,1,0,2.39297
0,1,152,185,2,119,5,4,6,2.27137
0,0,553,147,0,0,5,4,0,2.27137
1,1,29,5,0,0,6,1,34,2.68527
1,0,553,65,0,0,6,1,0,2.68527
0,1,165,156,2,102,6,5,7,2.63719
0,0,553,159,0,0,6,5,0,2.63719
1,1,44,11,0,0,5,1,53,2.49316
1,0,553,69,0,0,5,1,0,2.49316
0,1,153,130,2,78,5,4,6,2.25546
0,0,553,131,0,0,5,4,0,2.25546
1,1,25,4,0,0,4,1,29,2.25255
1,0,553,67,0,0,4,1,0,2.25255
0,1,137,85,0,46,4,3,5,2.11139
0,0,553,107,0,0,4,3,0,2.11139
1,1,48,9,0,0,5,1,57,2.51536
1,0,553,66,0,0,5,1,0,2.51536
0,1,153,152,3,88,5,4,6,2.41195
0,0,553,141,0,0,5,4,0,2.41195
1,1,20,4,0,0,6,1,23,2.52049
1,0,553,65,0,0,6,1,0,2.52049
0,1,167,164,1,108,6,4,7,2.47297
0,0,553,145,0,0,6,4,0,2.47297
1,1,32,6,0,0,5,1,38,2.59997
1,0,553,63,0,0,5,1,0,2.5846
0,1,152,125,1,77,5,4,6,2.40184
0,0,553,141,0,0,5,4,0,2.40184
Is MD?,Is DDD?,BP Explored,Run-Time,Add Run-Time,SP Run-Time,#Arcs in Soln,#Subpaths in Soln,Iterations,Opt Obj
1,1,38,3,0,0,9,1,51,2.13084
1,0,553,35,0,0,9,1,0,2.13084
0,1,205,282,1,230,9,6,11,2.07296
0,0,553,130,0,0,9,6,0,2.07296
1,1,33,3,0,0,9,1,46,2.08082
1,0,553,33,0,0,9,1,0,2.08082
0,1,264,502,0,431,9,6,15,2.06142
0,0,553,128,0,0,9,6,0,2.06142
1,1,28,2,0,0,9,1,35,2.3605
1,0,553,32,0,0,9,1,0,2.3605
0,1,314,808,5,716,9,5,19,2.33291
0,0,553,139,0,0,9,5,0,2.33291
1,1,26,2,0,0,9,1,32,2.07325
1,0,553,33,0,0,9,1,0,2.07325
0,1,279,607,2,525,9,4,16,2.05529
0,0,553,154,0,0,9,4,0,2.05529
1,1,35,3,0,0,9,1,43,2.03172
1,0,553,34,0,0,9,1,0,2.03172
0,1,247,533,4,459,9,4,14,2.00246
0,0,553,132,0,0,9,4,0,2.00246
1,1,37,3,0,0,9,1,45,1.89246
1,0,553,32,0,0,9,1,0,1.89246
0,1,208,232,0,183,9,5,11,1.85024
0,0,553,111,0,0,9,5,0,1.85024
1,1,38,3,0,0,9,1,43,2.03981
1,0,553,35,0,0,9,1,0,2.03981
0,1,248,464,1,395,9,4,14,2.00559
0,0,553,126,0,0,9,4,0,2.00559
1,1,39,3,0,0,9,1,49,2.20622
1,0,553,32,0,0,9,1,0,2.20622
0,1,203,233,1,182,9,5,11,2.14724
0,0,553,124,0,0,9,5,0,2.14724
1,1,48,4,0,0,9,1,64,2.04432
1,0,553,34,0,0,9,1,0,2.04432
0,1,205,257,0,205,9,4,11,1.99726
0,0,553,115,0,0,9,4,0,1.99726
1,1,46,3,0,0,9,1,62,2.33137
1,0,553,32,0,0,9,1,0,2.33137
0,1,314,801,4,713,9,4,19,2.25452
0,0,553,132,0,0,9,4,0,2.25452
Is MD?,Is DDD?,BP Explored,Run-Time,Add Run-Time,SP Run-Time,#Arcs in Soln,#Subpaths in Soln,Iterations,Opt Obj
1,1,45,3,0,0,9,1,59,2.27464
1,0,553,36,0,0,9,1,0,2.27464
0,1,232,383,1,323,9,5,11,2.16024
0,0,553,146,0,0,9,5,0,2.16024
1,1,30,2,0,0,9,1,38,2.20419
1,0,553,38,0,0,9,1,0,2.20201
0,1,279,538,1,464,9,6,14,2.1282
0,0,553,134,0,0,9,6,0,2.1282
1,1,31,2,0,0,9,1,37,2.48915
1,0,553,35,0,0,9,1,0,2.48915
0,1,335,844,3,746,9,5,18,2.41167
0,0,553,145,0,0,9,5,0,2.41167
1,1,32,2,0,0,9,1,39,2.20082
1,0,553,35,0,0,9,1,0,2.20082
0,1,294,544,0,471,9,6,15,2.11855
0,0,553,155,0,0,9,6,0,2.11855
1,1,26,2,0,0,9,1,31,2.14933
1,0,553,38,0,0,9,1,0,2.14933
0,1,262,580,3,496,9,5,13,2.07793
0,0,553,179,0,0,9,5,0,2.07793
1,1,52,5,0,0,9,1,65,2.03453
1,0,553,37,0,0,9,1,0,2.03453
0,1,219,247,1,196,9,5,10,1.91911
0,0,553,125,0,0,9,5,0,1.91911
1,1,39,3,0,0,9,1,47,2.16978
1,0,553,34,0,0,9,1,0,2.16978
0,1,264,475,4,396,9,6,13,2.07701
0,0,553,131,0,0,9,6,0,2.07701
1,1,55,4,0,0,9,1,71,2.38744
1,0,553,36,0,0,9,1,0,2.38744
0,1,214,250,0,201,9,5,10,2.24487
0,0,553,135,0,0,9,5,0,2.24487
1,1,27,2,0,0,9,1,37,2.20112
1,0,553,34,0,0,9,1,0,2.19996
0,1,218,269,1,216,9,6,10,2.06999
0,0,553,124,0,0,9,6,0,2.06999
1,1,51,4,0,0,9,1,63,2.52124
1,0,553,35,0,0,9,1,0,2.52124
0,1,336,845,2,756,9,6,18,2.34859
0,0,553,140,0,0,9,6,0,2.34859
Is MD?,Is DDD?,BP Explored,Run-Time,Add Run-Time,SP Run-Time,#Arcs in Soln,#Subpaths in Soln,Iterations,Opt Obj
1,1,42,6,0,0,7,1,47,2.62953
1,0,553,50,0,0,7,1,0,2.62953
0,1,221,350,1,274,7,3,13,2.51991
0,0,553,133,0,0,7,3,0,2.51991
1,1,32,5,0,0,8,1,40,2.07535
1,0,553,56,0,0,8,1,0,2.07535
0,1,190,212,1,152,7,5,10,2.04619
0,0,553,124,0,0,7,5,0,2.04619
1,1,37,5,0,0,8,1,45,2.32511
1,0,553,50,0,0,8,1,0,2.32511
0,1,188,235,0,179,8,4,10,2.24844
0,0,553,130,0,0,8,4,0,2.24844
1,1,20,2,0,0,7,1,22,2.08783
1,0,553,50,0,0,7,1,0,2.08783
0,1,177,147,1,96,7,3,9,2.08059
0,0,553,96,0,0,7,3,0,2.08059
1,1,35,5,0,0,7,1,43,2.02974
1,0,553,56,0,0,7,1,0,2.02974
0,1,174,156,2,104,7,4,9,1.97665
0,0,553,108,0,0,7,4,0,1.97665
1,1,33,5,0,0,7,1,37,2.12157
1,0,553,50,0,0,7,1,0,2.12157
0,1,174,151,3,97,7,4,9,2.04629
0,0,553,98,0,0,7,4,0,2.04629
1,1,21,3,0,0,7,1,24,2.24886
1,0,553,52,0,0,7,1,0,2.24886
0,1,177,197,3,137,7,5,9,2.22261
0,0,553,128,0,0,7,5,0,2.22261
1,1,18,2,0,0,5,1,20,2.21753
1,0,553,52,0,0,5,1,0,2.21753
0,1,149,156,1,108,5,4,7,2.20824
0,0,553,159,0,0,5,4,0,2.20824
1,1,27,4,0,0,6,1,31,2.20989
1,0,553,53,0,0,6,1,0,2.20989
0,1,161,211,10,136,6,2,8,2.19957
0,0,553,131,0,0,6,2,0,2.19957
1,1,34,5,0,0,6,1,42,2.08993
1,0,553,51,0,0,6,1,0,2.08993
0,1,162,137,0,93,6,4,8,2.07122
0,0,553,107,0,0,6,4,0,2.07122
Is MD?,Is DDD?,BP Explored,Run-Time,Add Run-Time,SP Run-Time,#Arcs in Soln,#Subpaths in Soln,Iterations,Opt Obj
1,1,42,7,0,0,6,1,49,2.90932
1,0,553,55,0,0,6,1,0,2.90932
0,1,235,401,4,314,8,5,12,2.62379
0,0,553,154,0,0,8,5,0,2.62379
1,1,38,5,0,0,8,1,45,2.19977
1,0,553,59,0,0,8,1,0,2.19977
0,1,231,311,1,240,8,5,11,2.13068
0,0,553,145,0,0,8,5,0,2.13068
1,1,48,7,0,0,8,1,59,2.52155
1,0,553,57,0,0,8,1,0,2.52155
0,1,197,243,0,183,8,5,9,2.33769
0,0,553,148,0,0,8,5,0,2.33769
1,1,24,3,0,0,7,1,28,2.18087
1,0,553,55,0,0,7,1,0,2.18087
0,1,186,147,1,93,7,4,8,2.12283
0,0,553,103,0,0,7,4,0,2.12283
1,1,30,4,0,0,7,1,36,2.24819
1,0,553,53,0,0,7,1,0,2.24819
0,1,181,167,0,114,7,4,8,2.0668
0,0,553,115,0,0,7,4,0,2.0668
1,1,43,5,0,0,7,1,48,2.32031
1,0,553,55,0,0,7,1,0,2.32031
0,1,184,162,4,102,7,5,8,2.10547
0,0,553,117,0,0,7,5,0,2.10547
1,1,37,6,0,0,7,1,51,2.37382
1,0,553,55,0,0,7,1,0,2.37382
0,1,185,172,1,113,7,4,8,2.26894
0,0,553,119,0,0,7,4,0,2.26894
1,1,18,3,0,0,5,1,19,2.29035
1,0,553,54,0,0,5,1,0,2.29035
0,1,153,123,0,80,5,4,6,2.27217
0,0,553,129,0,0,5,4,0,2.27217
1,1,19,2,0,0,6,1,21,2.29427
1,0,553,53,0,0,6,1,0,2.29427
0,1,168,145,2,96,6,4,7,2.24595
0,0,553,124,0,0,6,4,0,2.24595
1,1,27,4,0,0,6,1,33,2.21047
1,0,553,53,0,0,6,1,0,2.21047
0,1,168,137,0,93,6,5,7,2.13181
0,0,553,127,0,0,6,5,0,2.13181
Is MD?,Is DDD?,BP Explored,Run-Time,Add Run-Time,SP Run-Time,#Arcs in Soln,#Subpaths in Soln,Iterations,Opt Obj
1,1,45,15,0,0,8,1,55,2.26536
1,0,933,182,0,0,8,1,0,2.26536
0,1,272,1060,32,870,8,4,13,2.2341
0,0,933,741,0,0,8,4,0,2.2341
1,1,44,20,0,0,7,1,52,2.12217
1,0,933,208,0,0,7,1,0,2.12217
0,1,276,1288,31,1096,7,3,13,2.10609
0,0,933,637,0,0,7,3,0,2.10609
1,1,34,15,0,0,7,1,39,2.04445
1,0,933,199,0,0,7,1,0,2.04445
0,1,373,2501,68,2196,8,3,20,2.02986
0,0,933,628,0,0,8,3,0,2.02986
1,1,29,12,0,0,7,1,34,1.91238
1,0,933,200,0,0,7,1,0,1.91238
0,1,278,1402,81,1168,7,5,13,1.89856
0,0,933,651,0,0,7,5,0,1.89856
1,1,39,15,0,0,9,1,46,2.43267
1,0,933,189,0,0,9,1,0,2.43267
0,1,268,1298,26,1110,9,4,13,2.39766
0,0,933,703,0,0,9,4,0,2.39766
1,1,26,10,0,0,8,1,33,2.17613
1,0,933,194,0,0,8,1,0,2.1598
0,1,229,722,15,573,8,4,10,2.12632
0,0,933,622,0,0,8,4,0,2.12632
1,1,36,14,0,0,7,1,41,2.11865
1,0,933,196,0,0,7,1,0,2.11865
0,1,215,558,24,412,7,4,9,2.08913
0,0,933,621,0,0,7,4,0,2.08913
1,1,47,21,0,0,7,1,55,1.91926
1,0,933,211,0,0,7,1,0,1.91926
0,1,220,659,38,493,7,5,9,1.86549
0,0,933,641,0,0,7,5,0,1.86549
1,1,32,13,0,0,8,1,41,2.12172
1,0,933,195,0,0,8,1,0,2.12172
0,1,231,703,15,552,8,3,10,2.11347
0,0,933,563,0,0,8,3,0,2.11347
1,1,37,16,0,0,7,1,44,1.73461
1,0,933,187,0,0,7,1,0,1.73461
0,1,220,457,8,331,7,4,9,1.72768
0,0,933,465,0,0,7,4,0,1.72768
Is MD?,Is DDD?,BP Explored,Run-Time,Add Run-Time,SP Run-Time,#Arcs in Soln,#Subpaths in Soln,Iterations,Opt Obj
1,1,49,23,0,0,8,1,55,2.42227
1,0,933,215,0,0,8,1,0,2.42227
0,1,283,1060,21,869,8,5,12,2.30992
0,0,933,606,0,0,8,5,0,2.30992
1,1,42,17,0,0,7,1,48,2.22689
1,0,933,218,0,0,7,1,0,2.22689
0,1,226,793,43,626,7,5,8,2.16385
0,0,933,767,0,0,7,5,0,2.16385
1,1,35,13,0,0,7,1,40,2.15223
1,0,933,209,0,0,7,1,0,2.15223
0,1,366,2137,51,1855,7,4,17,2.091
0,0,933,689,0,0,7,4,0,2.091
1,1,58,22,0,0,7,1,72,2.02414
1,0,933,217,0,0,7,1,0,2.02414
0,1,226,585,10,443,7,5,8,1.95352
0,0,933,631,0,0,7,5,0,1.95352
1,1,54,22,0,0,9,1,68,2.58291
1,0,933,198,0,0,9,1,0,2.58291
0,1,280,1473,38,1268,9,6,12,2.49761
0,0,933,822,0,0,9,6,0,2.49761
1,1,49,20,0,0,8,1,57,2.31201
1,0,933,208,0,0,8,1,0,2.31201
0,1,271,1055,27,865,8,5,11,2.21487
0,0,933,681,0,0,8,5,0,2.21487
1,1,37,15,0,0,7,1,42,2.25315
1,0,933,209,0,0,7,1,0,2.25315
0,1,225,543,6,405,7,5,8,2.17188
0,0,933,598,0,0,7,5,0,2.17188
1,1,72,29,0,0,7,1,86,2.04912
1,0,933,212,0,0,7,1,0,2.04912
0,1,227,595,27,430,7,5,8,1.92283
0,0,933,688,0,0,7,5,0,1.92283
1,1,36,16,0,0,8,1,44,2.30056
1,0,933,267,0,0,8,1,0,2.25069
0,1,240,801,41,623,8,5,9,2.18
0,0,933,670,0,0,8,5,0,2.18
1,1,60,24,0,0,7,1,72,1.84026
1,0,933,201,0,0,7,1,0,1.84026
0,1,228,486,11,348,7,4,8,1.78528
0,0,933,512,0,0,7,4,0,1.78528
Is MD?,Is DDD?,BP Explored,Run-Time,Add Run-Time,SP Run-Time,#Arcs in Soln,#Subpaths in Soln,Iterations,Opt Obj
1,1,43,7,0,0,13,1,54,2.26999
1,0,933,105,0,0,13,1,0,2.26999
0,1,494,6090,59,5779,13,5,29,2.21773
0,0,933,773,0,0,13,5,0,2.21773
1,1,31,4,0,0,13,1,44,2.21904
1,0,933,106,0,0,13,1,0,2.21904
0,1,357,2530,24,2337,13,7,19,2.17712
0,0,933,727,0,0,13,7,0,2.17712
1,1,47,7,0,0,13,1,57,2.28623
1,0,933,104,0,0,13,1,0,2.28623
0,1,356,2145,12,1968,13,4,19,2.2539
0,0,933,510,0,0,13,4,0,2.2539
1,1,57,10,0,0,13,1,69,2.47179
1,0,933,105,0,0,13,1,0,2.47179
0,1,420,3238,1,3038,13,3,24,2.40469
0,0,933,762,0,0,13,3,0,2.40469
1,1,48,9,0,0,13,1,57,2.35614
1,0,933,111,0,0,13,1,0,2.35614
0,1,296,1349,0,1222,13,5,15,2.29575
0,0,933,571,0,0,13,5,0,2.29575
1,1,41,8,0,0,13,1,54,2.21192
1,0,933,105,0,0,13,1,0,2.21192
0,1,327,1648,3,1503,13,4,17,2.1711
0,0,933,539,0,0,13,4,0,2.1711
1,1,60,12,0,0,13,1,72,2.37727
1,0,933,101,0,0,13,1,0,2.37727
0,1,299,1141,0,1020,13,5,15,2.2951
0,0,933,583,0,0,13,5,0,2.2951
1,1,67,14,0,0,13,1,82,2.33061
1,0,933,115,0,0,13,1,0,2.33061
0,1,354,2180,1,2010,13,5,19,2.25429
0,0,933,574,0,0,13,5,0,2.25429
1,1,38,7,0,0,13,1,47,2.22543
1,0,933,103,0,0,13,1,0,2.22543
0,1,331,1844,9,1678,13,3,17,2.19357
0,0,933,545,0,0,13,3,0,2.19357
1,1,44,7,0,0,13,1,54,2.39742
1,0,933,101,0,0,13,1,0,2.39742
0,1,410,3254,8,3046,13,5,23,2.35131
0,0,933,506,0,0,13,5,0,2.35131
Is MD?,Is DDD?,BP Explored,Run-Time,Add Run-Time,SP Run-Time,#Arcs in Soln,#Subpaths in Soln,Iterations,Opt Obj
1,1,52,12,0,0,13,1,64,2.44634
1,0,933,120,0,0,13,1,0,2.44634
0,1,531,5513,38,5204,13,6,28,2.30268
0,0,933,691,0,0,13,6,0,2.30268
1,1,50,10,0,0,13,1,59,2.36951
1,0,933,128,0,0,13,1,0,2.36951
0,1,375,2700,12,2507,13,6,18,2.25812
0,0,933,681,0,0,13,6,0,2.25812
1,1,51,9,0,0,13,1,57,2.42695
1,0,933,119,0,0,13,1,0,2.42695
0,1,376,2358,0,2176,13,6,18,2.3398
0,0,933,620,0,0,13,6,0,2.3398
1,1,43,9,0,0,13,1,58,2.64633
1,0,933,124,0,0,13,1,0,2.63186
0,1,449,3583,16,3355,13,6,23,2.48555
0,0,933,776,0,0,13,6,0,2.48555
1,1,49,11,0,0,13,1,58,2.53697
1,0,933,110,0,0,13,1,0,2.53697
0,1,311,1336,3,1201,13,6,14,2.39392
0,0,933,551,0,0,13,6,0,2.39392
1,1,51,11,0,0,13,1,61,2.36796
1,0,933,110,0,0,13,1,0,2.36796
0,1,499,4648,23,4381,13,6,26,2.2613
0,0,933,698,0,0,13,6,0,2.2613
1,1,40,7,0,0,13,1,48,2.51497
1,0,933,109,0,0,13,1,0,2.51497
0,1,357,1776,1,1623,13,6,17,2.38454
0,0,933,522,0,0,13,6,0,2.38454
1,1,57,11,0,0,13,1,67,2.50678
1,0,933,108,0,0,13,1,0,2.50678
0,1,375,2106,0,1937,13,6,18,2.33941
0,0,933,757,0,0,13,6,0,2.33941
1,1,41,7,0,0,13,1,48,2.36558
1,0,933,139,0,0,13,1,0,2.36558
0,1,347,1577,1,1428,13,6,16,2.27346
0,0,933,538,0,0,13,6,0,2.27346
1,1,32,5,0,0,13,1,42,2.56122
1,0,933,109,0,0,13,1,0,2.56122
0,1,448,3298,0,3092,13,5,23,2.45006
0,0,933,722,0,0,13,5,0,2.45006
Is MD?,Is DDD?,BP Explored,Run-Time,Add Run-Time,SP Run-Time,#Arcs in Soln,#Subpaths in Soln,Iterations,Opt Obj
1,1,39,11,0,0,9,1,48,2.59431
1,0,933,170,0,0,9,1,0,2.59431
0,1,238,806,1,680,9,6,11,2.55842
0,0,933,482,0,0,9,6,0,2.55842
1,1,62,22,0,0,9,1,77,2.71468
1,0,933,172,0,0,9,1,0,2.71468
0,1,280,1255,4,1095,9,4,14,2.63161
0,0,933,619,0,0,9,4,0,2.63161
1,1,41,15,0,0,7,1,58,2.25967
1,0,933,166,0,0,7,1,0,2.25967
0,1,217,565,1,453,7,4,9,2.24636
0,0,933,538,0,0,7,4,0,2.24636
1,1,30,9,0,0,10,1,36,2.68893
1,0,933,158,0,0,10,1,0,2.68893
0,1,270,1217,3,1059,10,3,13,2.67259
0,0,933,667,0,0,10,3,0,2.67259
1,1,53,18,0,0,9,1,61,3.05615
1,0,933,177,0,0,9,1,0,3.05615
0,1,482,4752,47,4396,7,4,30,2.99655
0,0,933,585,0,0,7,4,0,2.99655
1,1,36,14,0,0,8,1,44,2.1946
1,0,933,171,0,0,8,1,0,2.1946
0,1,229,596,36,442,8,5,10,2.13535
0,0,933,387,0,0,8,5,0,2.13535
1,1,74,26,0,0,9,1,100,2.17339
1,0,933,182,0,0,9,1,0,2.17339
0,1,242,695,1,570,9,7,11,2.09856
0,0,933,480,0,0,9,7,0,2.09856
1,1,52,19,0,0,9,1,67,2.52173
1,0,933,162,0,0,9,1,0,2.52173
0,1,241,687,2,558,9,5,11,2.42694
0,0,933,445,0,0,9,5,0,2.42694
1,1,46,15,0,0,11,1,52,2.33363
1,0,933,154,0,0,11,1,0,2.33363
0,1,339,1930,2,1731,10,5,18,2.27137
0,0,933,595,0,0,10,5,0,2.27137
1,1,37,15,0,0,9,1,46,2.86219
1,0,933,162,0,0,9,1,0,2.83563
0,1,234,1029,32,868,9,3,11,2.74884
0,0,933,560,0,0,9,3,0,2.74884
Is MD?,Is DDD?,BP Explored,Run-Time,Add Run-Time,SP Run-Time,#Arcs in Soln,#Subpaths in Soln,Iterations,Opt Obj
1,1,32,10,0,0,9,1,36,2.74361
1,0,933,178,0,0,9,1,0,2.74361
0,1,248,737,1,605,9,6,10,2.64497
0,0,933,528,0,0,9,6,0,2.64497
1,1,39,13,0,0,9,1,46,2.88502
1,0,933,173,0,0,9,1,0,2.88502
0,1,292,1298,7,1121,8,4,13,2.72656
0,0,933,637,0,0,8,4,0,2.72656
1,1,47,17,0,0,7,1,52,2.35772
1,0,933,172,0,0,7,1,0,2.35772
0,1,225,603,2,483,7,5,8,2.31251
0,0,933,712,0,0,7,5,0,2.31251
1,1,20,7,0,0,10,1,24,2.76823
1,0,933,166,0,0,10,1,0,2.76823
0,1,263,971,10,819,10,5,11,2.73022
0,0,933,648,0,0,10,5,0,2.73022
1,1,45,17,0,0,8,1,53,3.17715
1,0,933,163,0,0,8,1,0,3.17715
0,1,570,6547,56,6113,8,5,33,3.12087
0,0,933,560,0,0,8,5,0,3.12087
1,1,44,15,0,0,8,1,57,2.34755
1,0,933,175,0,0,8,1,0,2.34755
0,1,240,459,1,338,7,4,9,2.20013
0,0,933,408,0,0,7,4,0,2.20013
1,1,55,18,0,0,9,1,60,2.31591
1,0,933,176,0,0,9,1,0,2.31591
0,1,256,731,2,596,9,5,10,2.16175
0,0,933,543,0,0,9,5,0,2.16175
1,1,33,14,0,0,9,1,41,2.68867
1,0,933,170,0,0,9,1,0,2.68867
0,1,295,1281,11,1096,9,4,13,2.50973
0,0,933,540,0,0,9,4,0,2.50973
1,1,52,17,0,0,11,1,58,2.45755
1,0,933,173,0,0,11,1,0,2.45755
0,1,406,2406,4,2159,10,6,20,2.35752
0,0,933,529,0,0,10,6,0,2.35752
1,1,45,15,0,0,9,1,51,3.06807
1,0,933,169,0,0,9,1,0,3.06807
0,1,245,859,2,726,9,5,10,2.85889
0,0,933,631,0,0,9,5,0,2.85889
Is MD?,Is DDD?,BP Explored,Run-Time,Add Run-Time,SP Run-Time,#Arcs in Soln,#Subpaths in Soln,Iterations,Opt Obj
1,1,38,59,0,0,6,1,47,2.54885
1,0,553,386,0,0,6,1,0,2.54885
0,1,157,836,197,555,6,3,8,2.48758
0,0,553,714,0,0,6,3,0,2.48758
1,1,31,40,0,0,5,1,37,2.36118
1,0,553,401,0,0,5,1,0,2.36118
0,1,147,701,202,419,5,5,7,2.31193
0,0,553,735,0,0,5,5,0,2.31193
1,1,33,35,0,0,4,1,40,1.8413
1,0,553,393,0,0,4,1,0,1.8413
0,1,132,374,129,156,4,3,6,1.80899
0,0,553,501,0,0,4,3,0,1.80899
1,1,35,46,0,0,5,1,40,2.24894
1,0,553,406,0,0,5,1,0,2.24894
0,1,186,1114,275,754,5,4,10,2.21313
0,0,553,710,0,0,5,4,0,2.21313
1,1,25,32,0,0,6,1,32,2.55988
1,0,553,403,0,0,6,1,0,2.55988
0,1,159,799,198,519,6,5,8,2.53945
0,0,553,695,0,0,6,5,0,2.53945
1,1,33,45,0,0,5,1,38,2.30737
1,0,553,492,0,0,5,1,0,2.30737
0,1,144,949,301,575,5,4,7,2.20669
0,0,553,896,0,0,5,4,0,2.20669
1,1,49,84,0,0,4,1,62,2.09539
1,0,553,430,0,0,4,1,0,2.09539
0,1,132,487,179,230,4,3,6,2.04491
0,0,553,745,0,0,4,3,0,2.04491
1,1,23,42,0,0,5,1,27,2.36355
1,0,553,527,0,0,5,1,0,2.36355
0,1,147,1045,274,691,5,3,7,2.33786
0,0,553,1032,0,0,5,3,0,2.33786
1,1,19,35,0,0,6,1,25,2.43536
1,0,553,542,0,0,6,1,0,2.43536
0,1,161,1373,364,933,6,4,8,2.42104
0,0,553,1073,0,0,6,4,0,2.42104
1,1,40,62,0,0,5,1,50,2.40756
1,0,553,442,0,0,5,1,0,2.40756
0,1,145,757,220,464,5,4,7,2.33111
0,0,553,746,0,0,5,4,0,2.33111
Is MD?,Is DDD?,BP Explored,Run-Time,Add Run-Time,SP Run-Time,#Arcs in Soln,#Subpaths in Soln,Iterations,Opt Obj
1,1,34,42,0,0,6,1,39,2.73826
1,0,553,431,0,0,6,1,0,2.73826
0,1,164,906,204,606,6,4,7,2.59423
0,0,553,903,0,0,6,4,0,2.59423
1,1,47,69,0,0,5,1,59,2.50765
1,0,553,512,0,0,5,1,0,2.50765
0,1,151,743,211,458,5,5,6,2.36263
0,0,553,767,0,0,5,5,0,2.36263
1,1,25,27,0,0,4,1,33,2.01263
1,0,553,450,0,0,4,1,0,2.01263
0,1,139,389,151,153,4,4,5,1.8608
0,0,553,556,0,0,4,4,0,1.8608
1,1,22,29,0,0,5,1,28,2.42415
1,0,553,439,0,0,5,1,0,2.39297
0,1,152,662,202,385,5,4,6,2.27137
0,0,553,745,0,0,5,4,0,2.27137
1,1,29,36,0,0,6,1,34,2.68527
1,0,553,398,0,0,6,1,0,2.68527
0,1,165,812,199,518,6,5,7,2.63719
0,0,553,775,0,0,6,5,0,2.63719
1,1,44,57,0,0,5,1,53,2.49316
1,0,553,420,0,0,5,1,0,2.49316
0,1,153,726,232,425,5,4,6,2.25546
0,0,553,829,0,0,5,4,0,2.25546
1,1,25,42,0,0,4,1,29,2.25255
1,0,553,481,0,0,4,1,0,2.25255
0,1,137,541,191,267,4,3,5,2.11139
0,0,553,815,0,0,4,3,0,2.11139
1,1,48,84,0,0,5,1,57,2.51536
1,0,553,445,0,0,5,1,0,2.51536
0,1,153,679,202,401,5,4,6,2.41195
0,0,553,872,0,0,5,4,0,2.41195
1,1,20,30,0,0,6,1,23,2.52049
1,0,553,478,0,0,6,1,0,2.52049
0,1,167,954,270,599,6,4,7,2.47297
0,0,553,772,0,0,6,4,0,2.47297
1,1,32,40,0,0,5,1,38,2.59997
1,0,553,416,0,0,5,1,0,2.5846
0,1,152,636,165,378,5,4,6,2.40184
0,0,553,721,0,0,5,4,0,2.40184
Is MD?,Is DDD?,BP Explored,Run-Time,Add Run-Time,SP Run-Time,#Arcs in Soln,#Subpaths in Soln,Iterations,Opt Obj
1,1,38,25,0,0,9,1,51,2.13084
1,0,553,241,0,0,9,1,0,2.13084
0,1,205,1300,137,1064,9,6,11,2.07296
0,0,553,710,0,0,9,6,0,2.07296
1,1,33,24,0,0,9,1,46,2.08082
1,0,553,256,0,0,9,1,0,2.08082
0,1,264,2251,211,1911,9,6,15,2.06142
0,0,553,626,0,0,9,6,0,2.06142
1,1,28,18,0,0,9,1,35,2.3605
1,0,553,239,0,0,9,1,0,2.3605
0,1,314,3783,270,3370,9,5,19,2.33291
0,0,553,767,0,0,9,5,0,2.33291
1,1,26,22,0,0,9,1,32,2.07325
1,0,553,263,0,0,9,1,0,2.07325
0,1,279,2699,247,2309,9,4,16,2.05529
0,0,553,727,0,0,9,4,0,2.05529
1,1,35,28,0,0,9,1,43,2.03172
1,0,553,275,0,0,9,1,0,2.03172
0,1,247,1853,183,1555,9,4,14,2.00246
0,0,553,688,0,0,9,4,0,2.00246
1,1,37,25,0,0,9,1,45,1.89246
1,0,553,277,0,0,9,1,0,1.89246
0,1,208,1160,147,911,9,5,11,1.85024
0,0,553,614,0,0,9,5,0,1.85024
1,1,38,30,0,0,9,1,43,2.03981
1,0,553,256,0,0,9,1,0,2.03981
0,1,248,1994,196,1676,9,4,14,2.00559
0,0,553,603,0,0,9,4,0,2.00559
1,1,39,26,0,0,9,1,49,2.20622
1,0,553,244,0,0,9,1,0,2.20622
0,1,203,1184,148,940,9,5,11,2.14724
0,0,553,674,0,0,9,5,0,2.14724
1,1,48,32,0,0,9,1,64,2.04432
1,0,553,259,0,0,9,1,0,2.04432
0,1,205,1312,150,1055,9,4,11,1.99726
0,0,553,584,0,0,9,4,0,1.99726
1,1,46,31,0,0,9,1,62,2.33137
1,0,553,240,0,0,9,1,0,2.33137
0,1,314,3373,258,2977,9,4,19,2.25452
0,0,553,770,0,0,9,4,0,2.25452
Is MD?,Is DDD?,BP Explored,Run-Time,Add Run-Time,SP Run-Time,#Arcs in Soln,#Subpaths in Soln,Iterations,Opt Obj
1,1,45,29,0,0,9,1,59,2.27464
1,0,553,278,0,0,9,1,0,2.27464
0,1,232,1499,170,1227,9,5,11,2.16024
0,0,553,690,0,0,9,5,0,2.16024
1,1,30,20,0,0,9,1,38,2.20419
1,0,553,270,0,0,9,1,0,2.20201
0,1,279,2273,211,1939,9,6,14,2.1282
0,0,553,674,0,0,9,6,0,2.1282
1,1,31,21,0,0,9,1,37,2.48915
1,0,553,261,0,0,9,1,0,2.48915
0,1,335,3622,286,3178,9,5,18,2.41167
0,0,553,672,0,0,9,5,0,2.41167
1,1,32,21,0,0,9,1,39,2.20082
1,0,553,264,0,0,9,1,0,2.20082
0,1,294,2372,228,2016,9,6,15,2.11855
0,0,553,770,0,0,9,6,0,2.11855
1,1,26,19,0,0,9,1,31,2.14933
1,0,553,271,0,0,9,1,0,2.14933
0,1,262,1804,193,1497,9,5,13,2.07793
0,0,553,650,0,0,9,5,0,2.07793
1,1,52,34,0,0,9,1,65,2.03453
1,0,553,265,0,0,9,1,0,2.03453
0,1,219,1155,160,907,9,5,10,1.91911
0,0,553,623,0,0,9,5,0,1.91911
1,1,39,25,0,0,9,1,47,2.16978
1,0,553,269,0,0,9,1,0,2.16978
0,1,264,1990,204,1665,9,6,13,2.07701
0,0,553,670,0,0,9,6,0,2.07701
1,1,55,37,0,0,9,1,71,2.38744
1,0,553,264,0,0,9,1,0,2.38744
0,1,214,1179,153,936,9,5,10,2.24487
0,0,553,661,0,0,9,5,0,2.24487
1,1,27,18,0,0,9,1,37,2.20112
1,0,553,262,0,0,9,1,0,2.19996
0,1,218,1540,178,1242,9,6,10,2.06999
0,0,553,799,0,0,9,6,0,2.06999
1,1,51,40,0,0,9,1,63,2.52124
1,0,553,306,0,0,9,1,0,2.52124
0,1,336,4533,350,4001,9,6,18,2.34859
0,0,553,884,0,0,9,6,0,2.34859
Is MD?,Is DDD?,BP Explored,Run-Time,Add Run-Time,SP Run-Time,#Arcs in Soln,#Subpaths in Soln,Iterations,Opt Obj
1,1,42,57,0,0,7,1,47,2.62953
1,0,553,385,0,0,7,1,0,2.62953
0,1,221,2161,310,1724,7,3,13,2.51991
0,0,553,810,0,0,7,3,0,2.51991
1,1,32,41,0,0,8,1,40,2.07535
1,0,553,375,0,0,8,1,0,2.07535
0,1,190,1254,274,884,7,5,10,2.04619
0,0,553,700,0,0,7,5,0,2.04619
1,1,37,47,0,0,8,1,45,2.32511
1,0,553,348,0,0,8,1,0,2.32511
0,1,188,1144,189,834,8,4,10,2.24844
0,0,553,719,0,0,8,4,0,2.24844
1,1,20,19,0,0,7,1,22,2.08783
1,0,553,337,0,0,7,1,0,2.08783
0,1,177,869,205,569,7,3,9,2.08059
0,0,553,561,0,0,7,3,0,2.08059
1,1,35,37,0,0,7,1,43,2.02974
1,0,553,347,0,0,7,1,0,2.02974
0,1,174,823,183,535,7,4,9,1.97665
0,0,553,652,0,0,7,4,0,1.97665
1,1,33,34,0,0,7,1,37,2.12157
1,0,553,369,0,0,7,1,0,2.12157
0,1,174,788,172,509,7,4,9,2.04629
0,0,553,591,0,0,7,4,0,2.04629
1,1,21,23,0,0,7,1,24,2.24886
1,0,553,356,0,0,7,1,0,2.24886
0,1,177,903,172,613,7,5,9,2.22261
0,0,553,631,0,0,7,5,0,2.22261
1,1,18,19,0,0,5,1,20,2.21753
1,0,553,371,0,0,5,1,0,2.21753
0,1,149,770,163,521,5,4,7,2.20824
0,0,553,743,0,0,5,4,0,2.20824
1,1,27,28,0,0,6,1,31,2.20989
1,0,553,342,0,0,6,1,0,2.20989
0,1,161,717,154,466,6,2,8,2.19957
0,0,553,687,0,0,6,2,0,2.19957
1,1,34,43,0,0,6,1,42,2.08993
1,0,553,342,0,0,6,1,0,2.08993
0,1,162,714,142,459,6,4,8,2.07122
0,0,553,619,0,0,6,4,0,2.07122
Is MD?,Is DDD?,BP Explored,Run-Time,Add Run-Time,SP Run-Time,#Arcs in Soln,#Subpaths in Soln,Iterations,Opt Obj
1,1,42,53,0,0,6,1,49,2.90932
1,0,553,367,0,0,6,1,0,2.90932
0,1,235,1821,292,1389,8,5,12,2.62379
0,0,553,789,0,0,8,5,0,2.62379
1,1,38,40,0,0,8,1,45,2.19977
1,0,553,375,0,0,8,1,0,2.19977
0,1,231,1523,248,1129,8,5,11,2.13068
0,0,553,721,0,0,8,5,0,2.13068
1,1,48,56,0,0,8,1,59,2.52155
1,0,553,387,0,0,8,1,0,2.52155
0,1,197,1317,241,968,8,5,9,2.33769
0,0,553,823,0,0,8,5,0,2.33769
1,1,24,25,0,0,7,1,28,2.18087
1,0,553,394,0,0,7,1,0,2.18087
0,1,186,763,166,471,7,4,8,2.12283
0,0,553,624,0,0,7,4,0,2.12283
1,1,30,31,0,0,7,1,36,2.24819
1,0,553,369,0,0,7,1,0,2.24819
0,1,181,816,161,537,7,4,8,2.0668
0,0,553,618,0,0,7,4,0,2.0668
1,1,43,46,0,0,7,1,48,2.32031
1,0,553,362,0,0,7,1,0,2.32031
0,1,184,751,164,465,7,5,8,2.10547
0,0,553,611,0,0,7,5,0,2.10547
1,1,37,40,0,0,7,1,51,2.37382
1,0,553,385,0,0,7,1,0,2.37382
0,1,185,928,216,605,7,4,8,2.26894
0,0,553,723,0,0,7,4,0,2.26894
1,1,18,18,0,0,5,1,19,2.29035
1,0,553,373,0,0,5,1,0,2.29035
0,1,153,678,158,436,5,4,6,2.27217
0,0,553,684,0,0,5,4,0,2.27217
1,1,19,21,0,0,6,1,21,2.29427
1,0,553,367,0,0,6,1,0,2.29427
0,1,168,718,140,466,6,4,7,2.24595
0,0,553,644,0,0,6,4,0,2.24595
1,1,27,28,0,0,6,1,33,2.21047
1,0,553,366,0,0,6,1,0,2.21047
0,1,168,685,141,434,6,5,7,2.13181
0,0,553,624,0,0,6,5,0,2.13181
Is MD?,Is DDD?,BP Explored,Run-Time,Add Run-Time,SP Run-Time,#Arcs in Soln,#Subpaths in Soln,Iterations,Opt Obj
1,1,45,108,0,0,8,1,55,2.26536
1,0,933,1275,0,0,8,1,0,2.26536
0,1,272,4726,763,3810,8,4,13,2.2341
0,0,933,2847,0,0,8,4,0,2.2341
1,1,44,115,0,0,7,1,52,2.12217
1,0,933,1235,0,0,7,1,0,2.12217
0,1,276,5776,816,4806,7,3,13,2.10609
0,0,933,2974,0,0,7,3,0,2.10609
1,1,34,89,0,0,7,1,39,2.04445
1,0,933,1241,0,0,7,1,0,2.04445
0,1,373,10475,1258,9022,8,3,20,2.02986
0,0,933,2906,0,0,8,3,0,2.02986
1,1,29,78,0,0,7,1,34,1.91238
1,0,933,1400,0,0,7,1,0,1.91238
0,1,278,5097,872,4081,7,5,13,1.89856
0,0,933,2947,0,0,7,5,0,1.89856
1,1,39,97,0,0,9,1,46,2.43267
1,0,933,1253,0,0,9,1,0,2.43267
0,1,268,6688,835,5710,9,4,13,2.39766
0,0,933,3961,0,0,9,4,0,2.39766
1,1,26,91,0,0,8,1,33,2.17613
1,0,933,1453,0,0,8,1,0,2.1598
0,1,229,3992,755,3112,8,4,10,2.12632
0,0,933,2975,0,0,8,4,0,2.12632
1,1,36,93,0,0,7,1,41,2.11865
1,0,933,1535,0,0,7,1,0,2.11865
0,1,215,3350,778,2447,7,4,9,2.08913
0,0,933,2857,0,0,7,4,0,2.08913
1,1,47,122,0,0,7,1,55,1.91926
1,0,933,1256,0,0,7,1,0,1.91926
0,1,220,2894,628,2141,7,5,9,1.86549
0,0,933,3362,0,0,7,5,0,1.86549
1,1,32,123,0,0,8,1,41,2.12172
1,0,933,1310,0,0,8,1,0,2.12172
0,1,231,4073,764,3183,8,3,10,2.11347
0,0,933,3376,0,0,8,3,0,2.11347
1,1,37,111,0,0,7,1,44,1.73461
1,0,933,1384,0,0,7,1,0,1.73461
0,1,220,3242,773,2351,7,4,9,1.72768
0,0,933,2451,0,0,7,4,0,1.72768
Is MD?,Is DDD?,BP Explored,Run-Time,Add Run-Time,SP Run-Time,#Arcs in Soln,#Subpaths in Soln,Iterations,Opt Obj
1,1,49,142,0,0,8,1,55,2.42227
1,0,933,1666,0,0,8,1,0,2.42227
0,1,283,6552,1123,5291,8,5,12,2.30992
0,0,933,3744,0,0,8,5,0,2.30992
1,1,42,136,0,0,7,1,48,2.22689
1,0,933,1852,0,0,7,1,0,2.22689
0,1,226,3685,768,2789,7,5,8,2.16385
0,0,933,3746,0,0,7,5,0,2.16385
1,1,35,106,0,0,7,1,40,2.15223
1,0,933,1613,0,0,7,1,0,2.15223
0,1,366,10869,1372,9296,7,4,17,2.091
0,0,933,3705,0,0,7,4,0,2.091
1,1,58,186,0,0,7,1,72,2.02414
1,0,933,1656,0,0,7,1,0,2.02414
0,1,226,3680,766,2782,7,5,8,1.95352
0,0,933,4196,0,0,7,5,0,1.95352
1,1,54,144,0,0,9,1,68,2.58291
1,0,933,1358,0,0,9,1,0,2.58291
0,1,280,7025,958,5925,9,6,12,2.49761
0,0,933,4748,0,0,9,6,0,2.49761
1,1,49,180,0,0,8,1,57,2.31201
1,0,933,1541,0,0,8,1,0,2.31201
0,1,271,5989,1010,4838,8,5,11,2.21487
0,0,933,4161,0,0,8,5,0,2.21487
1,1,37,94,0,0,7,1,42,2.25315
1,0,933,1822,0,0,7,1,0,2.25315
0,1,225,3271,729,2417,7,5,8,2.17188
0,0,933,3336,0,0,7,5,0,2.17188
1,1,72,214,0,0,7,1,86,2.04912
1,0,933,1729,0,0,7,1,0,2.04912
0,1,227,3268,763,2376,7,5,8,1.92283
0,0,933,3745,0,0,7,5,0,1.92283
1,1,36,107,0,0,8,1,44,2.30056
1,0,933,1525,0,0,8,1,0,2.25069
0,1,240,4345,895,3324,8,5,9,2.18
0,0,933,3316,0,0,8,5,0,2.18
1,1,60,154,0,0,7,1,72,1.84026
1,0,933,1727,0,0,7,1,0,1.84026
0,1,228,3121,771,2231,7,4,8,1.78528
0,0,933,3453,0,0,7,4,0,1.78528
Is MD?,Is DDD?,BP Explored,Run-Time,Add Run-Time,SP Run-Time,#Arcs in Soln,#Subpaths in Soln,Iterations,Opt Obj
1,1,43,68,0,0,13,1,54,2.26999
1,0,933,816,0,0,13,1,0,2.26999
0,1,494,26019,1138,24617,13,5,29,2.21773
0,0,933,2956,0,0,13,5,0,2.21773
1,1,31,39,0,0,13,1,44,2.21904
1,0,933,808,0,0,13,1,0,2.21904
0,1,357,12622,767,11672,13,7,19,2.17712
0,0,933,3324,0,0,13,7,0,2.17712
1,1,47,72,0,0,13,1,57,2.28623
1,0,933,830,0,0,13,1,0,2.28623
0,1,356,10836,718,9911,13,4,19,2.2539
0,0,933,3161,0,0,13,4,0,2.2539
1,1,57,74,0,0,13,1,69,2.47179
1,0,933,769,0,0,13,1,0,2.47179
0,1,420,15547,849,14465,13,3,24,2.40469
0,0,933,2755,0,0,13,3,0,2.40469
1,1,48,81,0,0,13,1,57,2.35614
1,0,933,743,0,0,13,1,0,2.35614
0,1,296,5768,461,5144,13,5,15,2.29575
0,0,933,3159,0,0,13,5,0,2.29575
1,1,41,61,0,0,13,1,54,2.21192
1,0,933,764,0,0,13,1,0,2.21192
0,1,327,8979,652,8165,13,4,17,2.1711
0,0,933,2893,0,0,13,4,0,2.1711
1,1,60,78,0,0,13,1,72,2.37727
1,0,933,694,0,0,13,1,0,2.37727
0,1,299,6461,553,5752,13,5,15,2.2951
0,0,933,2698,0,0,13,5,0,2.2951
1,1,67,83,0,0,13,1,82,2.33061
1,0,933,743,0,0,13,1,0,2.33061
0,1,354,11052,664,10199,13,5,19,2.25429
0,0,933,3017,0,0,13,5,0,2.25429
1,1,38,46,0,0,13,1,47,2.22543
1,0,933,718,0,0,13,1,0,2.22543
0,1,331,9882,611,9088,13,3,17,2.19357
0,0,933,3738,0,0,13,3,0,2.19357
1,1,44,72,0,0,13,1,54,2.39742
1,0,933,926,0,0,13,1,0,2.39742
0,1,410,16037,901,14911,13,5,23,2.35131
0,0,933,2556,0,0,13,5,0,2.35131
Is MD?,Is DDD?,BP Explored,Run-Time,Add Run-Time,SP Run-Time,#Arcs in Soln,#Subpaths in Soln,Iterations,Opt Obj
1,1,52,65,0,0,13,1,64,2.44634
1,0,933,793,0,0,13,1,0,2.44634
Is MD?,Is DDD?,BP Explored,Run-Time,Add Run-Time,SP Run-Time,#Arcs in Soln,#Subpaths in Soln,Iterations,Opt Obj
Is MD?,Is DDD?,BP Explored,Run-Time,Add Run-Time,SP Run-Time,#Arcs in Soln,#Subpaths in Soln,Iterations,Opt Obj
Is MD?,Is DDD?,BP Explored,Run-Time,Add Run-Time,SP Run-Time,#Arcs in Soln,#Subpaths in Soln,Iterations,Opt Obj
Is MD?,Is DDD?,BP Explored,Run-Time,Add Run-Time,SP Run-Time,#Arcs in Soln,#Subpaths in Soln,Iterations,Opt Obj
Is MD?,Is DDD?,BP Explored,Run-Time,Add Run-Time,SP Run-Time,#Arcs in Soln,#Subpaths in Soln,Iterations,Opt Obj
1,1,36,58,0,0,6,1,45,5.04128
1,0,1133,803,0,0,6,1,0,5.04128
0,1,266,1512,419,968,6,3,8,4.94074
0,0,1133,2095,0,0,6,3,0,4.94074
Is MD?,Is DDD?,BP Explored,Run-Time,Add Run-Time,SP Run-Time,#Arcs in Soln,#Subpaths in Soln,Iterations,Opt Obj
Is MD?,Is DDD?,BP Explored,Run-Time,Add Run-Time,SP Run-Time,#Arcs in Soln,#Subpaths in Soln,Iterations,Opt Obj
Is MD?,Is DDD?,BP Explored,Run-Time,Add Run-Time,SP Run-Time,#Arcs in Soln,#Subpaths in Soln,Iterations,Opt Obj
Is MD?,Is DDD?,BP Explored,Run-Time,Add Run-Time,SP Run-Time,#Arcs in Soln,#Subpaths in Soln,Iterations,Opt Obj
0,1,205,1258,140,1033,9,6,11,2.07296
0,0,553,629,0,0,9,6,0,2.07296
0,1,264,2501,200,2160,9,6,15,2.06142
0,0,553,633,0,0,9,6,0,2.06142
0,1,314,3685,248,3289,9,5,19,2.33291
0,0,553,585,0,0,9,5,0,2.33291
0,1,279,2137,200,1833,9,4,16,2.05529
0,0,553,569,0,0,9,4,0,2.05529
0,1,247,1701,171,1428,9,4,14,2.00246
0,0,553,551,0,0,9,4,0,2.00246
Is MD?,Is DDD?,BP Explored,Run-Time,Add Run-Time,SP Run-Time,#Arcs in Soln,#Subpaths in Soln,Iterations,Opt Obj
0,1,232,1329,161,1085,9,5,11,2.16024
0,0,553,599,0,0,9,5,0,2.16024
0,1,279,1991,205,1683,9,6,14,2.1282
0,0,553,608,0,0,9,6,0,2.1282
0,1,335,3317,260,2926,9,5,18,2.41167
0,0,553,625,0,0,9,5,0,2.41167
0,1,294,2095,217,1774,9,6,15,2.11855
0,0,553,608,0,0,9,6,0,2.11855
0,1,262,1702,187,1411,9,5,13,2.07793
0,0,553,629,0,0,9,5,0,2.07793
Is MD?,Is DDD?,BP Explored,Run-Time,Add Run-Time,SP Run-Time,#Arcs in Soln,#Subpaths in Soln,Iterations,Opt Obj
0,1,221,1503,182,1166,7,3,13,2.51991
0,0,553,592,0,0,7,3,0,2.51991
0,1,190,921,149,645,7,5,10,2.04619
0,0,553,591,0,0,7,5,0,2.04619
0,1,188,1028,150,750,8,4,10,2.24844
0,0,553,669,0,0,8,4,0,2.24844
0,1,177,730,145,463,7,3,9,2.08059
0,0,553,532,0,0,7,3,0,2.08059
0,1,174,700,126,457,7,4,9,1.97665
0,0,553,523,0,0,7,4,0,1.97665
Is MD?,Is DDD?,BP Explored,Run-Time,Add Run-Time,SP Run-Time,#Arcs in Soln,#Subpaths in Soln,Iterations,Opt Obj
0,1,235,1430,196,1073,8,5,12,2.62379
0,0,553,636,0,0,8,5,0,2.62379
0,1,231,1346,193,994,8,5,11,2.13068
0,0,553,676,0,0,8,5,0,2.13068
0,1,197,1169,192,844,8,5,9,2.33769
0,0,553,706,0,0,8,5,0,2.33769
0,1,186,676,139,415,7,4,8,2.12283
0,0,553,536,0,0,7,4,0,2.12283
0,1,181,748,144,494,7,4,8,2.0668
0,0,553,568,0,0,7,4,0,2.0668
Is MD?,Is DDD?,BP Explored,Run-Time,Add Run-Time,SP Run-Time,#Arcs in Soln,#Subpaths in Soln,Iterations,Opt Obj
0,1,532,3249,449,2641,9,4,11,6.16611
0,0,1713,1940,0,0,9,4,0,6.16611
0,1,537,2947,442,2326,9,5,11,6.1272
0,0,1713,2060,0,0,9,5,0,6.1272
0,1,894,9640,811,8514,9,5,19,6.94536
0,0,1713,2072,0,0,9,5,0,6.94536
0,1,769,6192,675,5238,9,4,16,6.10594
0,0,1713,2068,0,0,9,4,0,6.10594
0,1,532,2840,448,2226,9,3,11,5.92473
0,0,1713,1821,0,0,9,3,0,5.92473
Is MD?,Is DDD?,BP Explored,Run-Time,Add Run-Time,SP Run-Time,#Arcs in Soln,#Subpaths in Soln,Iterations,Opt Obj
0,1,564,3098,484,2414,9,5,10,6.38285
0,0,1713,2074,0,0,9,5,0,6.38285
0,1,569,3498,489,2798,9,5,10,6.30801
0,0,1713,2053,0,0,9,5,0,6.30801
0,1,958,10212,889,8967,9,4,18,7.13986
0,0,1713,2208,0,0,9,4,0,7.13986
0,1,720,5331,641,4439,9,6,13,6.28
0,0,1713,2155,0,0,9,6,0,6.28
0,1,519,2642,465,1980,9,6,9,6.13045
0,0,1713,2194,0,0,9,6,0,6.13045
Is MD?,Is DDD?,BP Explored,Run-Time,Add Run-Time,SP Run-Time,#Arcs in Soln,#Subpaths in Soln,Iterations,Opt Obj
0,1,460,2403,467,1632,7,3,10,7.43679
0,0,1713,2262,0,0,7,3,0,7.43679
0,1,488,3450,800,2364,7,5,10,6.09066
0,0,1713,2469,0,0,7,5,0,6.09066
0,1,477,3701,808,2627,8,3,10,6.69401
0,0,1713,2832,0,0,8,3,0,6.69401
0,1,441,2241,600,1387,7,2,9,6.20919
0,0,1713,2180,0,0,7,2,0,6.20919
0,1,433,2143,500,1380,7,4,9,5.8524
0,0,1713,1927,0,0,7,4,0,5.8524
Is MD?,Is DDD?,BP Explored,Run-Time,Add Run-Time,SP Run-Time,#Arcs in Soln,#Subpaths in Soln,Iterations,Opt Obj
0,1,496,2689,679,1722,7,4,9,7.70999
0,0,1713,2408,0,0,7,4,0,7.70999
0,1,516,3126,696,2134,8,4,9,6.27973
0,0,1713,2335,0,0,8,4,0,6.27973
0,1,510,3020,624,2079,8,6,9,6.93111
0,0,1713,2580,0,0,8,6,0,6.93111
0,1,467,1963,482,1180,7,4,8,6.33354
0,0,1713,1828,0,0,7,4,0,6.33354
0,1,366,1253,370,642,7,5,6,6.0713
0,0,1713,2040,0,0,7,5,0,6.0713
Is MD?,Is DDD?,BP Explored,Run-Time,Add Run-Time,SP Run-Time,#Arcs in Soln,#Subpaths in Soln,Iterations,Opt Obj
0,1,857,6951,895,5660,9,5,11,10.2635
0,0,2873,3789,0,0,9,5,0,10.2635
0,1,867,5324,778,4206,9,4,11,10.206
0,0,2873,3874,0,0,9,4,0,10.206
0,1,1473,19429,1406,17379,9,4,19,11.5654
0,0,2873,3844,0,0,9,4,0,11.5654
0,1,1185,11224,1130,9550,9,3,15,10.1705
0,0,2873,3842,0,0,9,3,0,10.1705
0,1,861,5593,829,4376,9,4,11,9.86428
0,0,2873,3330,0,0,9,4,0,9.86428
Is MD?,Is DDD?,BP Explored,Run-Time,Add Run-Time,SP Run-Time,#Arcs in Soln,#Subpaths in Soln,Iterations,Opt Obj
0,1,918,5560,829,4406,9,7,10,10.6125
0,0,2873,3745,0,0,9,7,0,10.6125
0,1,920,5841,827,4687,9,6,10,10.4981
0,0,2873,3851,0,0,9,6,0,10.4981
0,1,1578,18395,1552,16213,9,5,18,11.877
0,0,2873,3941,0,0,9,5,0,11.877
0,1,1180,8717,1085,7205,9,7,13,10.4518
0,0,2873,3901,0,0,9,7,0,10.4518
0,1,923,5125,846,3953,9,5,10,10.193
0,0,2873,3887,0,0,9,5,0,10.193
Is MD?,Is DDD?,BP Explored,Run-Time,Add Run-Time,SP Run-Time,#Arcs in Soln,#Subpaths in Soln,Iterations,Opt Obj
0,1,737,3897,983,2484,7,4,10,12.3804
0,0,2873,3863,0,0,7,4,0,12.3804
0,1,783,4819,908,3398,7,3,10,10.1469
0,0,2873,3697,0,0,7,3,0,10.1469
0,1,766,5435,971,3981,8,4,10,11.1495
0,0,2873,3875,0,0,8,4,0,11.1495
0,1,707,3195,808,1947,7,2,9,10.3455
0,0,2873,2866,0,0,7,2,0,10.3455
0,1,693,3238,839,1981,7,4,9,9.75176
0,0,2873,3269,0,0,7,4,0,9.75176
Is MD?,Is DDD?,BP Explored,Run-Time,Add Run-Time,SP Run-Time,#Arcs in Soln,#Subpaths in Soln,Iterations,Opt Obj
0,1,795,4246,1001,2766,8,6,9,12.8262
0,0,2873,3960,0,0,8,6,0,12.8262
0,1,829,5378,1237,3697,8,5,9,10.4553
0,0,2873,4095,0,0,8,5,0,10.4553
0,1,822,5058,945,3559,8,6,9,11.5382
0,0,2873,5579,0,0,8,6,0,11.5382
0,1,748,3373,861,2020,7,5,8,10.5485
0,0,2873,3044,0,0,7,5,0,10.5485
0,1,577,2053,655,1045,7,4,6,10.0839
0,0,2873,3401,0,0,7,4,0,10.0839
Is MD?,Is DDD?,BP Explored,Run-Time,Add Run-Time,SP Run-Time,#Arcs in Soln,#Subpaths in Soln,Iterations,Opt Obj
0,1,205,258,0,212,9,6,11,2.07296
0,0,553,116,0,0,9,6,0,2.07296
0,1,264,480,0,416,9,6,15,2.06142
0,0,553,117,0,0,9,6,0,2.06142
0,1,314,829,1,744,9,5,19,2.33291
0,0,553,121,0,0,9,5,0,2.33291
0,1,279,573,0,501,9,4,16,2.05529
0,0,553,115,0,0,9,4,0,2.05529
0,1,247,381,0,324,9,4,14,2.00246
0,0,553,105,0,0,9,4,0,2.00246
Is MD?,Is DDD?,BP Explored,Run-Time,Add Run-Time,SP Run-Time,#Arcs in Soln,#Subpaths in Soln,Iterations,Opt Obj
0,1,232,367,0,311,9,5,11,2.16024
0,0,553,149,0,0,9,5,0,2.16024
0,1,279,623,0,539,9,6,14,2.1282
0,0,553,123,0,0,9,6,0,2.1282
0,1,335,849,1,764,9,5,18,2.41167
0,0,553,127,0,0,9,5,0,2.41167
0,1,294,537,0,467,9,6,15,2.11855
0,0,553,124,0,0,9,6,0,2.11855
0,1,262,406,0,343,9,5,13,2.07793
0,0,553,124,0,0,9,5,0,2.07793
Is MD?,Is DDD?,BP Explored,Run-Time,Add Run-Time,SP Run-Time,#Arcs in Soln,#Subpaths in Soln,Iterations,Opt Obj
0,1,221,351,0,279,7,3,13,2.51991
0,0,553,119,0,0,7,3,0,2.51991
0,1,190,211,0,153,7,5,10,2.04619
0,0,553,117,0,0,7,5,0,2.04619
0,1,188,300,0,227,8,4,10,2.24844
0,0,553,132,0,0,8,4,0,2.24844
0,1,177,148,0,99,7,3,9,2.08059
0,0,553,88,0,0,7,3,0,2.08059
0,1,174,156,0,107,7,4,9,1.97665
0,0,553,101,0,0,7,4,0,1.97665
Is MD?,Is DDD?,BP Explored,Run-Time,Add Run-Time,SP Run-Time,#Arcs in Soln,#Subpaths in Soln,Iterations,Opt Obj
0,1,235,392,1,312,8,5,12,2.62379
0,0,553,137,0,0,8,5,0,2.62379
0,1,231,313,0,240,8,5,11,2.13068
0,0,553,132,0,0,8,5,0,2.13068
0,1,197,251,0,191,8,5,9,2.33769
0,0,553,151,0,0,8,5,0,2.33769
0,1,186,151,0,95,7,4,8,2.12283
0,0,553,107,0,0,7,4,0,2.12283
0,1,181,192,0,134,7,4,8,2.0668
0,0,553,109,0,0,7,4,0,2.0668
Is MD?,Is DDD?,BP Explored,Run-Time,Add Run-Time,SP Run-Time,#Arcs in Soln,#Subpaths in Soln,Iterations,Opt Obj
0,1,532,820,2,684,9,4,11,6.16611
0,0,1713,527,0,0,9,4,0,6.16611
0,1,537,828,0,692,9,5,11,6.1272
0,0,1713,538,0,0,9,5,0,6.1272
0,1,894,2972,16,2686,9,5,19,6.94536
0,0,1713,611,0,0,9,5,0,6.94536
0,1,769,2019,0,1778,9,4,16,6.10594
0,0,1713,509,0,0,9,4,0,6.10594
0,1,532,823,0,677,9,3,11,5.92473
0,0,1713,492,0,0,9,3,0,5.92473
Is MD?,Is DDD?,BP Explored,Run-Time,Add Run-Time,SP Run-Time,#Arcs in Soln,#Subpaths in Soln,Iterations,Opt Obj
0,1,564,820,0,679,9,5,10,6.38285
0,0,1713,537,0,0,9,5,0,6.38285
0,1,569,881,0,735,9,5,10,6.30801
0,0,1713,653,0,0,9,5,0,6.30801
0,1,958,3282,19,2955,9,4,18,7.13986
0,0,1713,583,0,0,9,4,0,7.13986
0,1,720,1434,0,1237,9,6,13,6.28
0,0,1713,552,0,0,9,6,0,6.28
0,1,519,712,0,580,9,6,9,6.13045
0,0,1713,590,0,0,9,6,0,6.13045
Is MD?,Is DDD?,BP Explored,Run-Time,Add Run-Time,SP Run-Time,#Arcs in Soln,#Subpaths in Soln,Iterations,Opt Obj
0,1,460,606,0,445,7,3,10,7.43679
0,0,1713,476,0,0,7,3,0,7.43679
0,1,488,600,0,441,7,5,10,6.09066
0,0,1713,474,0,0,7,5,0,6.09066
0,1,477,707,0,534,8,3,10,6.69401
0,0,1713,517,0,0,8,3,0,6.69401
0,1,441,407,0,272,7,2,9,6.20919
0,0,1713,385,0,0,7,2,0,6.20919
0,1,433,500,0,349,7,4,9,5.8524
0,0,1713,435,0,0,7,4,0,5.8524
Is MD?,Is DDD?,BP Explored,Run-Time,Add Run-Time,SP Run-Time,#Arcs in Soln,#Subpaths in Soln,Iterations,Opt Obj
0,1,496,709,2,524,7,4,9,7.70999
0,0,1713,596,0,0,7,4,0,7.70999
0,1,516,696,0,508,8,4,9,6.27973
0,0,1713,577,0,0,8,4,0,6.27973
0,1,510,721,0,534,8,6,9,6.93111
0,0,1713,590,0,0,8,6,0,6.93111
0,1,467,412,0,268,7,4,8,6.33354
0,0,1713,383,0,0,7,4,0,6.33354
0,1,366,245,0,140,7,5,6,6.0713
0,0,1713,430,0,0,7,5,0,6.0713
Is MD?,Is DDD?,BP Explored,Run-Time,Add Run-Time,SP Run-Time,#Arcs in Soln,#Subpaths in Soln,Iterations,Opt Obj
0,1,857,1512,10,1285,9,5,11,10.2635
0,0,2873,1279,0,0,9,5,0,10.2635
0,1,867,1421,0,1187,9,4,11,10.206
0,0,2873,1007,0,0,9,4,0,10.206
0,1,1473,6403,45,5842,9,4,19,11.5654
0,0,2873,1103,0,0,9,4,0,11.5654
0,1,1185,3425,0,3054,9,3,15,10.1705
0,0,2873,1026,0,0,9,3,0,10.1705
0,1,861,1390,0,1153,9,4,11,9.86428
0,0,2873,918,0,0,9,4,0,9.86428
Is MD?,Is DDD?,BP Explored,Run-Time,Add Run-Time,SP Run-Time,#Arcs in Soln,#Subpaths in Soln,Iterations,Opt Obj
0,1,918,1526,0,1273,9,7,10,10.6125
0,0,2873,1235,0,0,9,7,0,10.6125
0,1,920,1765,0,1485,9,6,10,10.4981
0,0,2873,1051,0,0,9,6,0,10.4981
0,1,1578,6792,42,6172,9,5,18,11.877
0,0,2873,1194,0,0,9,5,0,11.877
0,1,1180,2965,0,2599,9,7,13,10.4518
0,0,2873,1097,0,0,9,7,0,10.4518
0,1,923,1404,0,1154,9,5,10,10.193
0,0,2873,1015,0,0,9,5,0,10.193
Is MD?,Is DDD?,BP Explored,Run-Time,Add Run-Time,SP Run-Time,#Arcs in Soln,#Subpaths in Soln,Iterations,Opt Obj
0,1,737,925,0,664,7,4,10,12.3804
0,0,2873,1144,0,0,7,4,0,12.3804
0,1,783,1269,2,973,7,3,10,10.1469
0,0,2873,905,0,0,7,3,0,10.1469
0,1,766,1348,0,1066,8,4,10,11.1495
0,0,2873,1031,0,0,8,4,0,11.1495
0,1,707,697,0,464,7,2,9,10.3455
0,0,2873,795,0,0,7,2,0,10.3455
0,1,693,774,0,530,7,4,9,9.75176
0,0,2873,727,0,0,7,4,0,9.75176
Is MD?,Is DDD?,BP Explored,Run-Time,Add Run-Time,SP Run-Time,#Arcs in Soln,#Subpaths in Soln,Iterations,Opt Obj
0,1,795,982,0,701,8,6,9,12.8262
0,0,2873,997,0,0,8,6,0,12.8262
0,1,829,1128,0,832,8,5,9,10.4553
0,0,2873,981,0,0,8,5,0,10.4553
0,1,822,1399,0,1076,8,6,9,11.5382
0,0,2873,1142,0,0,8,6,0,11.5382
0,1,748,720,0,474,7,5,8,10.5485
0,0,2873,698,0,0,7,5,0,10.5485
0,1,577,408,0,225,7,4,6,10.0839
0,0,2873,800,0,0,7,4,0,10.0839
Is MD?,Is DDD?,BP Explored,Run-Time,Add Run-Time,SP Run-Time,#Arcs in Soln,#Subpaths in Soln,Iterations,Opt Obj
0,1,205,1295,157,1047,9,6,11,2.07296
0,0,553,657,0,0,9,6,0,2.07296
0,1,264,2172,212,1851,9,6,15,2.06142
0,0,553,617,0,0,9,6,0,2.06142
0,1,314,3981,257,3573,9,5,19,2.33291
0,0,553,745,0,0,9,5,0,2.33291
0,1,279,2400,212,2073,9,4,16,2.05529
0,0,553,619,0,0,9,4,0,2.05529
Is MD?,Is DDD?,BP Explored,Run-Time,Add Run-Time,SP Run-Time,#Arcs in Soln,#Subpaths in Soln,Iterations,Opt Obj
1,1,205,3857,0,0,42,1,227,6.16697
1,0,38963,324851,0,0,42,1,0,6.16697
1,1,205,2709,0,0,40,1,243,5.84054
1,0,38963,306337,0,0,40,1,0,5.84054
1,1,218,2918,0,0,48,1,253,5.98827
Is MD?,Is DDD?,BP Explored,Run-Time,Add Run-Time,SP Run-Time,#Arcs in Soln,#Subpaths in Soln,Iterations,Opt Obj
1,1,36,6,0,0,6,1,45,5.04128
1,0,1133,117,0,0,6,1,0,5.04128
0,1,266,278,0,187,6,3,8,4.94074
0,0,1133,364,0,0,6,3,0,4.94074
Is MD?,Is DDD?,BP Explored,Run-Time,Add Run-Time,SP Run-Time,#Arcs in Soln,#Subpaths in Soln,Iterations,Opt Obj
1,1,36,6,0,0,6,1,45,5.04128
1,0,1133,104,0,0,6,1,0,5.04128
0,1,266,251,0,166,6,3,8,4.94074
0,0,1133,287,0,0,6,3,0,4.94074
Is MD?,Is DDD?,BP Explored,Run-Time,Add Run-Time,SP Run-Time,#Arcs in Soln,#Subpaths in Soln,Iterations,Opt Obj
1,1,3562,574538,0,0,1486,1,3727,3.98235
Is MD?,Is DDD?,BP Explored,Run-Time,Add Run-Time,SP Run-Time,#Arcs in Soln,#Subpaths in Soln,Iterations,Opt Obj
1,1,205,3153,0,0,42,1,227,6.16697
1,0,38963,273876,0,0,42,1,0,6.16697
1,1,205,2390,0,0,40,1,243,5.84054
1,0,38963,265328,0,0,40,1,0,5.84054
1,1,218,2553,0,0,48,1,253,5.98827
1,0,38963,260612,0,0,48,1,0,5.98827
1,1,274,3249,0,0,42,1,344,5.86267
1,0,38963,259271,0,0,42,1,0,5.86267
1,1,286,3334,0,0,47,1,369,6.21353
1,0,38963,261102,0,0,47,1,0,6.21353
Is MD?,Is DDD?,BP Explored,Run-Time,Add Run-Time,SP Run-Time,#Arcs in Soln,#Subpaths in Soln,Iterations,Opt Obj
Is MD?,Is DDD?,BP Explored,Run-Time,Add Run-Time,SP Run-Time,#Arcs in Soln,#Subpaths in Soln,Iterations,Opt Obj
Is MD?,Is DDD?,BP Explored,Run-Time,Add Run-Time,SP Run-Time,#Arcs in Soln,#Subpaths in Soln,Iterations,Opt Obj
Is MD?,Is DDD?,BP Explored,Run-Time,Add Run-Time,SP Run-Time,#Arcs in Soln,#Subpaths in Soln,Iterations,Opt Obj
Is MD?,Is DDD?,BP Explored,Run-Time,Add Run-Time,SP Run-Time,#Arcs in Soln,#Subpaths in Soln,Iterations,Opt Obj
Is MD?,Is DDD?,BP Explored,Run-Time,Add Run-Time,SP Run-Time,#Arcs in Soln,#Subpaths in Soln,Iterations,Opt Obj
Is MD?,Is DDD?,BP Explored,Run-Time,Add Run-Time,SP Run-Time,#Arcs in Soln,#Subpaths in Soln,Iterations,Opt Obj
Is MD?,Is DDD?,BP Explored,Run-Time,Add Run-Time,SP Run-Time,#Arcs in Soln,#Subpaths in Soln,Iterations,Opt Obj
Is MD?,Is DDD?,BP Explored,Run-Time,Add Run-Time,SP Run-Time,#Arcs in Soln,#Subpaths in Soln,Iterations,Opt Obj
1,1,36,43,0,0,6,1,45,1,0,1133,746,0,0,6,1,0,0,1,266,1405,420,872,6,3,8,Is MD?,Is DDD?,BP Explored,Run-Time,Add Run-Time,SP Run-Time,#Arcs in Soln,#Subpaths in Soln,Iterations,Opt Obj
1,1,36,44,0,0,6,1,45,1,0,1133,689,0,0,6,1,0,Is MD?,Is DDD?,BP Explored,Run-Time,Add Run-Time,SP Run-Time,#Arcs in Soln,#Subpaths in Soln,Iterations,Opt Obj
1,1,36,41,0,0,6,1,45,1,0,1133,744,0,0,6,1,0,0,1,266,1295,357,803,6,3,8,Is MD?,Is DDD?,BP Explored,Run-Time,Add Run-Time,SP Run-Time,#Arcs in Soln,#Subpaths in Soln,Iterations,Opt Obj
1,1,36,33,0,0,6,1,45,1,0,1133,512,0,0,6,1,0,0,1,266,863,203,563,6,3,8,0,0,1133,1010,0,0,6,3,0,